,Last Name Chi,First Name Chi,Chi Name,Prefix CN,Last Name Eng,First Name Eng,Preferred Name Eng,Eng Name,Gender,Category,Organization,Award Date,Award
0,區,志光,區志光,,AU,Chi-kwong,,AU Chi-kwong,,Awards & Recognitions,Justices of the Peace,2017-08-25,Justices of the Peace
1,區,潔英,區潔英女士,女士,AU,Kit-ying, Brenda,"AU Kit-ying, Brenda",F,Awards & Recognitions,Justices of the Peace,2018-07-01,Justices of the Peace
2,歐,錫熊,歐錫熊,,AU,Sik-hung, Andrew,"AU Sik-hung, Andrew",,Awards & Recognitions,Justices of the Peace,2009-07-01,Justices of the Peace
3,區,偉光,區偉光,,AU,Wai-kwong, Elvis,"AU Wai-kwong, Elvis",,Awards & Recognitions,Justices of the Peace,2007-07-01,Justices of the Peace
4,區,毓麟,區毓麟,,AU,Yuk-lun,,AU Yuk-lun,,Awards & Recognitions,Justices of the Peace,2018-07-01,Justices of the Peace
5,歐,陽仁生,歐陽仁生,,AU,YEUNG Yan-sang,,AU-YEUNG Yan-sang,,Awards & Recognitions,Justices of the Peace,2013-07-01,Justices of the Peace
6,陳,秋發,陳秋發,,CHAN,Chau-fat,,CHAN Chau-fat,,Awards & Recognitions,Justices of the Peace,2019-07-01,Justices of the Peace
7,陳,焯明,陳焯明,,CHAN,Cheuk-ming, Robert,"CHAN Cheuk-ming, Robert",,Awards & Recognitions,Justices of the Peace,2018-07-01,Justices of the Peace
8,陳,志偉,陳志偉,,CHAN,Chi-wai, Richard,"CHAN Chi-wai, Richard",,Awards & Recognitions,Justices of the Peace,2019-07-01,Justices of the Peace
9,陳,松青,陳松青,,CHAN,Chung-ching,,CHAN Chung-ching,,Awards & Recognitions,Justices of the Peace,2009-07-01,Justices of the Peace
10,陳,帆,陳帆,,CHAN,Fan,,CHAN Fan,,Awards & Recognitions,Justices of the Peace,2007-07-01,Justices of the Peace
11,陳,巧敏,陳巧敏女士,女士,CHAN,Hau-man,,CHAN Hau-man,F,Awards & Recognitions,Justices of the Peace,2018-11-02,Justices of the Peace
12,陳,浩濂,陳浩濂,,CHAN,Ho-lim, Joseph,"CHAN Ho-lim, Joseph",,Awards & Recognitions,Justices of the Peace,2017-08-25,Justices of the Peace
13,陳,漢儀,陳漢儀醫生,醫生,CHAN,Hon-yee, Constance,"CHAN Hon-yee, Constance",,Awards & Recognitions,Justices of the Peace,2006-07-01,Justices of the Peace
14,陳,積志,陳積志,,CHAN,Jick-chi, Jack,"CHAN Jick-chi, Jack",,Awards & Recognitions,Justices of the Peace,2011-07-01,Justices of the Peace
15,陳,嘉信,陳嘉信,,CHAN,Ka-shun,,CHAN Ka-shun,,Awards & Recognitions,Justices of the Peace,2010-07-01,Justices of the Peace
16,陳,景宏,陳景宏,,CHAN,King-wang,,CHAN King-wang,,Awards & Recognitions,Justices of the Peace,2017-06-30,Justices of the Peace
17,陳,潔玲,陳潔玲女士,女士,CHAN,Kit-ling, Maisie,"CHAN Kit-ling, Maisie",F,Awards & Recognitions,Justices of the Peace,2016-07-01,Justices of the Peace
18,陳,鈞儀,陳鈞儀,,CHAN,Kwan-yee, Philip,"CHAN Kwan-yee, Philip",,Awards & Recognitions,Justices of the Peace,2012-06-30,Justices of the Peace
19,陳,國基,陳國基,,CHAN,Kwok-ki,,CHAN Kwok-ki,,Awards & Recognitions,Justices of the Peace,2017-07-21,Justices of the Peace
20,陳,美寳,陳美寳女士,女士,CHAN,, Mable,"CHAN, Mable",F,Awards & Recognitions,Justices of the Peace,2009-07-01,Justices of the Peace
21,陳,妙如,陳妙如女士,女士,CHAN,Miu-yu, Rhoda,"CHAN Miu-yu, Rhoda",F,Awards & Recognitions,Justices of the Peace,2007-07-01,Justices of the Peace
22,陳,愛容,陳愛容女士,女士,CHAN,Oi-yung,,CHAN Oi-yung,F,Awards & Recognitions,Justices of the Peace,2018-07-01,Justices of the Peace
23,陳,派明,陳派明,,CHAN,Pai-ming,,CHAN Pai-ming,,Awards & Recognitions,Justices of the Peace,2015-07-01,Justices of the Peace
24,陳,百里,陳百里博士,博士,CHAN,Pak-li, Bernard,"CHAN Pak-li, Bernard",,Awards & Recognitions,Justices of the Peace,2017-08-25,Justices of the Peace
25,陳,佩儀,陳佩儀女士,女士,CHAN,Pui-yee,,CHAN Pui-yee,F,Awards & Recognitions,Justices of the Peace,2013-07-01,Justices of the Peace
26,陳,秀芳,陳秀芳女士,女士,CHAN,Sau-fong, Jennifer,"CHAN Sau-fong, Jennifer",F,Awards & Recognitions,Justices of the Peace,2018-07-01,Justices of the Peace
27,陳,尚文,陳尚文,,CHAN,Sheung-man,,CHAN Sheung-man,,Awards & Recognitions,Justices of the Peace,2018-06-29,Justices of the Peace
28,陳,選堯,陳選堯,,CHAN,Shuen-yiu,,CHAN Shuen-yiu,,Awards & Recognitions,Justices of the Peace,2008-07-11,Justices of the Peace
29,陳,帥夫,陳帥夫,,CHAN,Shui-fu, Andy,"CHAN Shui-fu, Andy",,Awards & Recognitions,Justices of the Peace,2014-07-01,Justices of the Peace
30,陳,萃如,陳萃如女士,女士,CHAN,Shui-yu, Marion,"CHAN Shui-yu, Marion",F,Awards & Recognitions,Justices of the Peace,2018-07-01,Justices of the Peace
31,陳,肇始,陳肇始教授,教授,CHAN,Siu-chee, Sophia,"CHAN Siu-chee, Sophia",,Awards & Recognitions,Justices of the Peace,2012-11-30,Justices of the Peace
32,陳,瑞緯,陳瑞緯,,CHAN,Sui-wai,,CHAN Sui-wai,,Awards & Recognitions,Justices of the Peace,2018-07-01,Justices of the Peace
33,陳,天柱,陳天柱,,CHAN,Tin-chu,,CHAN Tin-chu,,Awards & Recognitions,Justices of the Peace,2016-03-22,Justices of the Peace
34,陳,偉基,陳偉基,,CHAN,Wai-kee, Howard,"CHAN Wai-kee, Howard",,Awards & Recognitions,Justices of the Peace,2009-07-01,Justices of the Peace
35,陳,維民,陳維民,,CHAN,Wai-man,,CHAN Wai-man,,Awards & Recognitions,Justices of the Peace,2014-07-01,Justices of the Peace
36,陳,詠雯,陳詠雯女士,女士,CHAN,Wing-man,,CHAN Wing-man,F,Awards & Recognitions,Justices of the Peace,2017-06-30,Justices of the Peace
37,陳,穎韶,陳穎韶女士,女士,CHAN,Wing-shiu,,CHAN Wing-shiu,F,Awards & Recognitions,Justices of the Peace,2014-07-01,Justices of the Peace
38,陳,煥兒,陳煥兒女士,女士,CHAN,Woon-yee, Julina,"CHAN Woon-yee, Julina",F,Awards & Recognitions,Justices of the Peace,2008-07-01,Justices of the Peace
39,張,琼瑤,張琼瑤女士,女士,CHANG,King-yiu,,CHANG King-yiu,F,Awards & Recognitions,Justices of the Peace,1999-07-01,Justices of the Peace
40,鄭,偉源,鄭偉源,,CHANG,Wai-yuen,,CHANG Wai-yuen,,Awards & Recognitions,Justices of the Peace,2011-07-01,Justices of the Peace
41,周,世威,周世威,,CHAU,Sai-wai,,CHAU Sai-wai,,Awards & Recognitions,Justices of the Peace,2018-07-01,Justices of the Peace
42,周,紹喜,周紹喜工程師,工程師,CHAU,Siu-hei,,CHAU Siu-hei,,Awards & Recognitions,Justices of the Peace,2018-07-01,Justices of the Peace
43,鄭,楚明,鄭楚明博士,博士,CHENG,Cho-ming,,CHENG Cho-ming,,Awards & Recognitions,Justices of the Peace,2013-07-01,Justices of the Peace
44,鄭,鍾偉,鄭鍾偉,,CHENG,Chung-wai,,CHENG Chung-wai,,Awards & Recognitions,Justices of the Peace,2011-07-01,Justices of the Peace
45,鄭,錦榮,鄭錦榮,,CHENG,Kam-wing,,CHENG Kam-wing,,Awards & Recognitions,Justices of the Peace,2010-07-01,Justices of the Peace
46,鄭,琪,鄭琪,,CHENG,Kei,,CHENG Kei,,Awards & Recognitions,Justices of the Peace,2017-06-30,Justices of the Peace
47,鄭,健,鄭健,,CHENG,Kin,,CHENG Kin,,Awards & Recognitions,Justices of the Peace,2018-06-29,Justices of the Peace
48,鄭,港涌,鄭港涌,,CHENG,Kong-chung,,CHENG Kong-chung,,Awards & Recognitions,Justices of the Peace,2020-01-17,Justices of the Peace
49,鄭,美施,鄭美施女士,女士,CHENG,Mei-sze, Maisie,"CHENG Mei-sze, Maisie",F,Awards & Recognitions,Justices of the Peace,2006-07-01,Justices of the Peace
50,張,少猷,張少猷,,CHEONG,Siu-yau,,CHEONG Siu-yau,,Awards & Recognitions,Justices of the Peace,2014-07-01,Justices of the Peace
51,張,綺薇,張綺薇女士,女士,CHEUNG,, Amy Yi-mei,"CHEUNG, Amy Yi-mei",F,Awards & Recognitions,Justices of the Peace,2019-07-01,Justices of the Peace
52,張,錦慧,張錦慧女士,女士,CHEUNG,Kam-wai, Christina,"CHEUNG Kam-wai, Christina",F,Awards & Recognitions,Justices of the Peace,2016-07-01,Justices of the Peace
53,張,建宗,張建宗,,CHEUNG,Kin-chung, Matthew,"CHEUNG Kin-chung, Matthew",,Awards & Recognitions,Justices of the Peace,1994-03-23,Justices of the Peace
54,張,國財,張國財,,CHEUNG,Kwok-choi,,CHEUNG Kwok-choi,,Awards & Recognitions,Justices of the Peace,2014-07-01,Justices of the Peace
55,張,麗玲,張麗玲女士,女士,CHEUNG,, Lillian,"CHEUNG, Lillian",F,Awards & Recognitions,Justices of the Peace,2016-07-01,Justices of the Peace
56,張,美珠,張美珠女士,女士,CHEUNG,Mei-chu, Doris,"CHEUNG Mei-chu, Doris",F,Awards & Recognitions,Justices of the Peace,2006-07-14,Justices of the Peace
57,張,秀蘭,張秀蘭女士,女士,CHEUNG,, Susanna Sau-lan,"CHEUNG, Susanna Sau-lan",F,Awards & Recognitions,Justices of the Peace,2018-07-01,Justices of the Peace
58,張,天祥,張天祥,,CHEUNG,Tin-cheung,,CHEUNG Tin-cheung,,Awards & Recognitions,Justices of the Peace,2015-07-01,Justices of the Peace
59,張,偉文,張偉文工程師,工程師,CHEUNG,Wai-man,,CHEUNG Wai-man,,Awards & Recognitions,Justices of the Peace,2019-07-01,Justices of the Peace
60,張,遠芳,張遠芳,,CHEUNG,Yuen-fong,,CHEUNG Yuen-fong,,Awards & Recognitions,Justices of the Peace,2018-07-01,Justices of the Peace
61,蔣,翠雲,蔣翠雲女士,女士,CHIANG,Chui-wan,,CHIANG Chui-wan,F,Awards & Recognitions,Justices of the Peace,2019-07-01,Justices of the Peace
62,趙,凱渝,趙凱渝女士,女士,CHIU,Hoi-yue, Alice,"CHIU Hoi-yue, Alice",F,Awards & Recognitions,Justices of the Peace,2012-06-30,Justices of the Peace
63,趙,國傑,趙國傑,,CHIU,Kwok-kit,,CHIU Kwok-kit,,Awards & Recognitions,Justices of the Peace,2008-07-01,Justices of the Peace
64,趙,佩燕,趙佩燕醫生,醫生,CHIU,Pui-yin,,CHIU Pui-yin,,Awards & Recognitions,Justices of the Peace,2010-07-01,Justices of the Peace
65,趙,燕驊,趙燕驊,,CHIU,Yin-wa, David,"CHIU Yin-wa, David",,Awards & Recognitions,Justices of the Peace,2017-10-13,Justices of the Peace
66,蔡,傑銘,蔡傑銘,,CHOI,, Kevin,"CHOI, Kevin",,Awards & Recognitions,Justices of the Peace,2017-06-30,Justices of the Peace
67,蔡,立耀,蔡立耀,,CHOI,Lap-yiu,,CHOI Lap-yiu,,Awards & Recognitions,Justices of the Peace,2009-07-01,Justices of the Peace
68,蔡,美儀,蔡美儀醫生,醫生,CHOI,Mei-yee,,CHOI Mei-yee,,Awards & Recognitions,Justices of the Peace,2012-06-30,Justices of the Peace
69,蔡,淑嫻,蔡淑嫻女士,女士,CHOI,Suk-han, Annie,"CHOI Suk-han, Annie",F,Awards & Recognitions,Justices of the Peace,2006-07-01,Justices of the Peace
70,莊,永桓,莊永桓,,CHONG,Wing-wun,,CHONG Wing-wun,,Awards & Recognitions,Justices of the Peace,2017-08-25,Justices of the Peace
71,莊,因東,莊因東,,CHONG,Yan-tung,,CHONG Yan-tung,,Awards & Recognitions,Justices of the Peace,2015-07-01,Justices of the Peace
72,左,健蘭,左健蘭女士,女士,CHOR,Kin-lan, Anna,"CHOR Kin-lan, Anna",F,Awards & Recognitions,Justices of the Peace,2016-05-06,Justices of the Peace
73,周,淑貞,周淑貞女士,女士,CHOW,Shuk-ching, Mary,"CHOW Shuk-ching, Mary",F,Awards & Recognitions,Justices of the Peace,2001-07-01,Justices of the Peace
74,周,達明,周達明,,CHOW,Tat-ming, Thomas,"CHOW Tat-ming, Thomas",,Awards & Recognitions,Justices of the Peace,2001-07-01,Justices of the Peace
75,朱,立翹,朱立翹女士,女士,CHU,Lap-kiu, Carmen,"CHU Lap-kiu, Carmen",F,Awards & Recognitions,Justices of the Peace,2011-07-01,Justices of the Peace
76,朱,曼鈴,朱曼鈴女士,女士,CHU,Man-ling,,CHU Man-ling,F,Awards & Recognitions,Justices of the Peace,2006-07-01,Justices of the Peace
77,朱,乃璋,朱乃璋,,CHU,Nai-cheung, John,"CHU Nai-cheung, John",,Awards & Recognitions,Justices of the Peace,2014-07-01,Justices of the Peace
78,朱,兆荃,朱兆荃,,CHU,Siu-chuen, Francis,"CHU Siu-chuen, Francis",,Awards & Recognitions,Justices of the Peace,2006-07-01,Justices of the Peace
79,張,竹君,張竹君醫生,醫生,CHUANG,Shuk-kwan,,CHUANG Shuk-kwan,,Awards & Recognitions,Justices of the Peace,2012-06-30,Justices of the Peace
80,徐,浩光,徐浩光博士,博士,CHUI,Ho-kwong,,CHUI Ho-kwong,,Awards & Recognitions,Justices of the Peace,2019-07-01,Justices of the Peace
81,徐,德義,徐德義醫生,醫生,CHUI,Tak-yi,,CHUI Tak-yi,,Awards & Recognitions,Justices of the Peace,2017-08-25,Justices of the Peace
82,鍾,麗玲,鍾麗玲女士,女士,CHUNG,Lai-ling,,CHUNG Lai-ling,F,Awards & Recognitions,Justices of the Peace,2009-07-01,Justices of the Peace
83,鍾,文傑,鍾文傑,,CHUNG,Man-kit, Ivan,"CHUNG Man-kit, Ivan",,Awards & Recognitions,Justices of the Peace,2019-07-01,Justices of the Peace
84,鍾,雅之,鍾雅之女士,女士,CHUNG,Nga-chi, Eugenia,"CHUNG Nga-chi, Eugenia",F,Awards & Recognitions,Justices of the Peace,2017-07-21,Justices of the Peace
85,鍾,沛康,鍾沛康,,CHUNG,Pui-hong, Davey,"CHUNG Pui-hong, Davey",,Awards & Recognitions,Justices of the Peace,2016-07-01,Justices of the Peace
86,鍾,偉强,鍾偉强博士,博士,CHUNG,Wai-keung, David,"CHUNG Wai-keung, David",,Awards & Recognitions,Justices of the Peace,2017-08-25,Justices of the Peace
87,鍾,偉強,鍾偉強工程師,工程師,CHUNG,Wai-keung, Philip,"CHUNG Wai-keung, Philip",,Awards & Recognitions,Justices of the Peace,2018-07-01,Justices of the Peace
88,范,偉明,范偉明,,FAN,Wai-ming, Raymond,"FAN Wai-ming, Raymond",,Awards & Recognitions,Justices of the Peace,2007-07-01,Justices of the Peace
89,范,婉雯,范婉雯醫生,醫生,FAN,Yuen-man, Cecilia,"FAN Yuen-man, Cecilia",,Awards & Recognitions,Justices of the Peace,2019-07-01,Justices of the Peace
90,方,學誠,方學誠工程師,工程師,FONG,Hok-shing, Michael,"FONG Hok-shing, Michael",,Awards & Recognitions,Justices of the Peace,2018-07-01,Justices of the Peace
91,方,毅,方毅,,FONG,Ngai,,FONG Ngai,,Awards & Recognitions,Justices of the Peace,2019-08-30,Justices of the Peace
92,傅,小慧,傅小慧女士,女士,FOO,Siu-wai, Gracie,"FOO Siu-wai, Gracie",F,Awards & Recognitions,Justices of the Peace,2005-07-01,Justices of the Peace
93,馮,程淑儀,馮程淑儀女士,女士,FUNG,CHING Suk-yee, Betty,"FUNG CHING Suk-yee, Betty",F,Awards & Recognitions,Justices of the Peace,2003-07-01,Justices of the Peace
94,馮,建業,馮建業,,FUNG,Kin-yip, Eugene,"FUNG Kin-yip, Eugene",,Awards & Recognitions,Justices of the Peace,2013-07-01,Justices of the Peace
95,馮,雅慧,馮雅慧女士,女士,FUNG,Ngar-wai, Aubrey,"FUNG Ngar-wai, Aubrey",F,Awards & Recognitions,Justices of the Peace,2016-01-25,Justices of the Peace
96,馮,泳萍,馮泳萍女士,女士,FUNG,Wing-ping, Angelina,"FUNG Wing-ping, Angelina",F,Awards & Recognitions,Justices of the Peace,2013-07-01,Justices of the Peace
97,簡,賢亮,簡賢亮,,GANNON,Stefan Michael,,Stefan Michael GANNON,,Awards & Recognitions,Justices of the Peace,1995-05-16,Justices of the Peace
98,何,漢傑,何漢傑,,HO,Hon-kit,,HO Hon-kit,,Awards & Recognitions,Justices of the Peace,2018-07-01,Justices of the Peace
99,何,作柱,何作柱,,HO,Jock-chu,,HO Jock-chu,,Awards & Recognitions,Justices of the Peace,2018-07-01,Justices of the Peace
100,何,啟明,何啟明,,HO,Kai-ming,,HO Kai-ming,,Awards & Recognitions,Justices of the Peace,2020-06-12,Justices of the Peace
101,何,錦標,何錦標,,HO,Kam-biu,,HO Kam-biu,,Awards & Recognitions,Justices of the Peace,2019-07-01,Justices of the Peace
102,何,建生,何建生,,HO,Kin-sang, Kenneth,"HO Kin-sang, Kenneth",,Awards & Recognitions,Justices of the Peace,2012-06-30,Justices of the Peace
103,何,珏珊,何珏珊女士,女士,HO,Kwok-shan, Joyce,"HO Kwok-shan, Joyce",F,Awards & Recognitions,Justices of the Peace,2018-07-01,Justices of the Peace
104,何,麗嫦,何麗嫦女士,女士,HO,Lai-sheung,,HO Lai-sheung,F,Awards & Recognitions,Justices of the Peace,2018-07-01,Justices of the Peace
105,何,孟儀,何孟儀醫生,醫生,HO,Mang-yee,,HO Mang-yee,,Awards & Recognitions,Justices of the Peace,2011-07-01,Justices of the Peace
106,何,蓓茵,何蓓茵女士,女士,HO,Poi-yan, Ingrid,"HO Poi-yan, Ingrid",F,Awards & Recognitions,Justices of the Peace,2006-07-01,Justices of the Peace
107,何,珮玲,何珮玲女士,女士,HO,Pui-ling,,HO Pui-ling,F,Awards & Recognitions,Justices of the Peace,2011-07-01,Justices of the Peace
108,何,德賢,何德賢,,HO,Tak-yin,,HO Tak-yin,,Awards & Recognitions,Justices of the Peace,2019-07-01,Justices of the Peace
109,何,詠詩,何詠詩女士,女士,HO,Wing-sze,,HO Wing-sze,F,Awards & Recognitions,Justices of the Peace,2016-01-18,Justices of the Peace
110,何,永賢,何永賢女士,女士,HO,Wing-yin, Winnie,"HO Wing-yin, Winnie",F,Awards & Recognitions,Justices of the Peace,2017-06-30,Justices of the Peace
111,何,玉賢,何玉賢醫生,醫生,HO,Yuk-yin, Philip,"HO Yuk-yin, Philip",,Awards & Recognitions,Justices of the Peace,2011-07-01,Justices of the Peace
112,許,正宇,許正宇,,HUI,Ching-yu,,HUI Ching-yu,,Awards & Recognitions,Justices of the Peace,2020-05-08,Justices of the Peace
113,許,柏坤,許柏坤,,HUI,Pak-kwan,,HUI Pak-kwan,,Awards & Recognitions,Justices of the Peace,2014-07-01,Justices of the Peace
114,葉,百強,葉百強,,IP,Pak-keung,,IP Pak-keung,,Awards & Recognitions,Justices of the Peace,2015-07-01,Justices of the Peace
115,詹,婉珊,詹婉珊女士,女士,JIM,Yuen-shan, Sandy,"JIM Yuen-shan, Sandy",F,Awards & Recognitions,Justices of the Peace,2017-06-30,Justices of the Peace
116,,Karen Deborah KEMP,Karen Deborah KEMP,,KEMP,Karen Deborah,,Karen Deborah KEMP,,Awards & Recognitions,Justices of the Peace,2010-07-01,Justices of the Peace
117,江,潤珊,江潤珊女士,女士,KONG,Yun-shan, Annie,"KONG Yun-shan, Annie",F,Awards & Recognitions,Justices of the Peace,2016-10-27,Justices of the Peace
118,關,婉儀,關婉儀女士,女士,KWAN,Yuen-yee,,KWAN Yuen-yee,F,Awards & Recognitions,Justices of the Peace,2019-08-30,Justices of the Peace
119,郭,偉勳,郭偉勳,,KWOK,Wai-fan,,KWOK Wai-fan,,Awards & Recognitions,Justices of the Peace,2012-04-16,Justices of the Peace
120,郭,慧玲,郭慧玲女士,女士,KWOK,Wai-ling, Polly,"KWOK Wai-ling, Polly",F,Awards & Recognitions,Justices of the Peace,2019-08-30,Justices of the Peace
121,鄺,國威,鄺國威醫生,醫生,KWONG,Kwok-wai, Heston,"KWONG Kwok-wai, Heston",,Awards & Recognitions,Justices of the Peace,2012-06-30,Justices of the Peace
122,鄺,寶昌,鄺寶昌,,KWONG,, Thomas Edward,"KWONG, Thomas Edward",,Awards & Recognitions,Justices of the Peace,2014-07-01,Justices of the Peace
123,黎,陳芷娟,黎陳芷娟女士,女士,LAI,CHAN Chi-kuen, Marion,"LAI CHAN Chi-kuen, Marion",F,Awards & Recognitions,Justices of the Peace,1998-07-01,Justices of the Peace
124,黎,卓豪,黎卓豪工程師,工程師,LAI,Cheuk-ho,,LAI Cheuk-ho,,Awards & Recognitions,Justices of the Peace,2019-07-01,Justices of the Peace
125,黎,志東,黎志東,,LAI,Chi-tung,,LAI Chi-tung,,Awards & Recognitions,Justices of the Peace,2018-07-01,Justices of the Peace
126,黎,志華,黎志華,,LAI,Chi-wah, Andrew,"LAI Chi-wah, Andrew",,Awards & Recognitions,Justices of the Peace,2010-07-01,Justices of the Peace
127,黎,以德,黎以德,,LAI,Yee-tak, Joseph,"LAI Yee-tak, Joseph",,Awards & Recognitions,Justices of the Peace,2000-07-01,Justices of the Peace
128,林,嘉泰,林嘉泰,,LAM,Ka-tai,,LAM Ka-tai,,Awards & Recognitions,Justices of the Peace,2014-07-01,Justices of the Peace
129,林,錦平,林錦平女士,女士,LAM,Kam-ping, Joey,"LAM Kam-ping, Joey",F,Awards & Recognitions,Justices of the Peace,2008-07-01,Justices of the Peace
130,林,潔儀,林潔儀女士,女士,LAM,Kit-yi,,LAM Kit-yi,F,Awards & Recognitions,Justices of the Peace,2019-07-01,Justices of the Peace
131,林,文健,林文健醫生,醫生,LAM,Man-kin,,LAM Man-kin,,Awards & Recognitions,Justices of the Peace,2016-07-01,Justices of the Peace
132,林,敏儀,林敏儀女士,女士,LAM,Man-yee, Eileen,"LAM Man-yee, Eileen",F,Awards & Recognitions,Justices of the Peace,2019-07-01,Justices of the Peace
133,林,雅雯,林雅雯女士,女士,LAM,Nga-man, Pamela,"LAM Nga-man, Pamela",F,Awards & Recognitions,Justices of the Peace,2019-10-11,Justices of the Peace
134,林,世雄,林世雄,,LAM,Sai-hung,,LAM Sai-hung,,Awards & Recognitions,Justices of the Peace,2014-07-01,Justices of the Peace
135,林,雪麗,林雪麗女士,女士,LAM,Shuet-lai, Shirley,"LAM Shuet-lai, Shirley",F,Awards & Recognitions,Justices of the Peace,2011-07-01,Justices of the Peace
136,林,德昭,林德昭醫生,醫生,LAM,Tak-chiu, Wiley,"LAM Tak-chiu, Wiley",,Awards & Recognitions,Justices of the Peace,2010-07-01,Justices of the Peace
137,林,達明,林達明工程師,工程師,LAM,Tat-ming,,LAM Tat-ming,,Awards & Recognitions,Justices of the Peace,2018-07-01,Justices of the Peace
138,林,偉喬,林偉喬,,LAM,Wai-kiu, Victor,"LAM Wai-kiu, Victor",,Awards & Recognitions,Justices of the Peace,2013-07-01,Justices of the Peace
139,劉,震,劉震,,LAU,Chun,,LAU Chun,,Awards & Recognitions,Justices of the Peace,2013-07-01,Justices of the Peace
140,劉,俊傑,劉俊傑,,LAU,Chun-kit,,LAU Chun-kit,,Awards & Recognitions,Justices of the Peace,2016-07-01,Justices of the Peace
141,劉,中健,劉中健,,LAU,Chung-kin,,LAU Chung-kin,,Awards & Recognitions,Justices of the Peace,2019-07-01,Justices of the Peace
142,劉,家麒,劉家麒,,LAU,Ka-ki, Wallace,"LAU Ka-ki, Wallace",,Awards & Recognitions,Justices of the Peace,2017-06-30,Justices of the Peace
143,劉,利群,劉利群女士,女士,LAU,Lee-kwan,,LAU Lee-kwan,F,Awards & Recognitions,Justices of the Peace,2006-07-01,Justices of the Peace
144,劉,心怡,劉心怡女士,女士,LAU,Sum-yee, Sharon,"LAU Sum-yee, Sharon",F,Awards & Recognitions,Justices of the Peace,2012-06-30,Justices of the Peace
145,劉,慧娟,劉慧娟女士,女士,LAU,Wai-kuen, Grace,"LAU Wai-kuen, Grace",F,Awards & Recognitions,Justices of the Peace,2016-07-01,Justices of the Peace
146,劉,焱,劉焱女士,女士,LAU,Yim,,LAU Yim,F,Awards & Recognitions,Justices of the Peace,2007-07-01,Justices of the Peace
147,劉,嫣華,劉嫣華女士,女士,LAU,Yin-wah, Emma,"LAU Yin-wah, Emma",F,Awards & Recognitions,Justices of the Peace,1998-07-01,Justices of the Peace
148,羅,翠薇,羅翠薇女士,女士,LAW,Chui-mei, Ivy,"LAW Chui-mei, Ivy",F,Awards & Recognitions,Justices of the Peace,2016-07-01,Justices of the Peace
149,羅,淑佩,羅淑佩女士,女士,LAW,Shuk-pui, Rosanna,"LAW Shuk-pui, Rosanna",F,Awards & Recognitions,Justices of the Peace,2011-07-01,Justices of the Peace
150,李,碧茜,李碧茜女士,女士,LEE,Bik-sai, Ida,"LEE Bik-sai, Ida",F,Awards & Recognitions,Justices of the Peace,2018-07-01,Justices of the Peace
151,李,忠善,李忠善,,LEE,Chung-sin,,LEE Chung-sin,,Awards & Recognitions,Justices of the Peace,2006-07-01,Justices of the Peace
152,李,頌恩,李頌恩女士,女士,LEE,Chung-yan, Angela,"LEE Chung-yan, Angela",F,Awards & Recognitions,Justices of the Peace,2016-07-01,Justices of the Peace
153,李,杏怡,李杏怡女士,女士,LEE,Hang-yee, Sharon,"LEE Hang-yee, Sharon",F,Awards & Recognitions,Justices of the Peace,2013-07-01,Justices of the Peace
154,李,可期,李可期女士,女士,LEE,Ho-kei, Apollonia,"LEE Ho-kei, Apollonia",F,Awards & Recognitions,Justices of the Peace,2013-07-01,Justices of the Peace
155,李,家超,李家超,,LEE,Ka-chiu, John,"LEE Ka-chiu, John",,Awards & Recognitions,Justices of the Peace,2012-10-26,Justices of the Peace
156,李,啟榮,李啟榮,,LEE,Kai-wing, Raymond,"LEE Kai-wing, Raymond",,Awards & Recognitions,Justices of the Peace,2013-07-01,Justices of the Peace
157,李,國彬,李國彬,,LEE,Kwok-bun,,LEE Kwok-bun,,Awards & Recognitions,Justices of the Peace,2013-11-01,Justices of the Peace
158,李,國雄,李國雄,,LEE,Kwok-hung,,LEE Kwok-hung,,Awards & Recognitions,Justices of the Peace,2016-06-27,Justices of the Peace
159,利,敏貞,利敏貞女士,女士,LEE,Man-ching, Eliza,"LEE Man-ching, Eliza",F,Awards & Recognitions,Justices of the Peace,2004-07-01,Justices of the Peace
160,李,美美,李美美女士,女士,LEE,Mei-mei,,LEE Mei-mei,F,Awards & Recognitions,Justices of the Peace,2009-07-01,Justices of the Peace
161,李,佩詩,李佩詩女士,女士,LEE,Pui-sze, Charmaine,"LEE Pui-sze, Charmaine",F,Awards & Recognitions,Justices of the Peace,2013-07-01,Justices of the Peace
162,李,兆妍,李兆妍醫生,醫生,LEE,Siu-yin,,LEE Siu-yin,,Awards & Recognitions,Justices of the Peace,2014-07-01,Justices of the Peace
163,李,萃珍,李萃珍女士,女士,LEE,Sui-chun, Macella,"LEE Sui-chun, Macella",F,Awards & Recognitions,Justices of the Peace,2015-07-01,Justices of the Peace
164,李,大安,李大安工程師,工程師,LEE,Tai-on,,LEE Tai-on,,Awards & Recognitions,Justices of the Peace,2019-07-01,Justices of the Peace
165,李,達志,李達志,,LEE,Tat-chi, Howard,"LEE Tat-chi, Howard",,Awards & Recognitions,Justices of the Peace,2011-07-01,Justices of the Peace
166,李,偉彬,李偉彬工程師,工程師,LEE,Wai-bun,,LEE Wai-bun,,Awards & Recognitions,Justices of the Peace,2019-07-01,Justices of the Peace
167,梁,卓文,梁卓文,,LEUNG,Cheuk-man,,LEUNG Cheuk-man,,Awards & Recognitions,Justices of the Peace,2004-07-01,Justices of the Peace
168,梁,卓然,梁卓然,,LEUNG,Cheuk-yin,,LEUNG Cheuk-yin,,Awards & Recognitions,Justices of the Peace,2019-07-01,Justices of the Peace
169,梁,志仁,梁志仁,,LEUNG,Chi-yan,,LEUNG Chi-yan,,Awards & Recognitions,Justices of the Peace,2007-07-01,Justices of the Peace
170,梁,振榮,梁振榮,,LEUNG,Chun-wing,,LEUNG Chun-wing,,Awards & Recognitions,Justices of the Peace,2008-07-01,Justices of the Peace
171,梁,中立,梁中立,,LEUNG,Chung-lap,,LEUNG Chung-lap,,Awards & Recognitions,Justices of the Peace,2018-07-01,Justices of the Peace
172,梁,松泰,梁松泰,,LEUNG,Chung-tai, Gordon,"LEUNG Chung-tai, Gordon",,Awards & Recognitions,Justices of the Peace,2007-07-01,Justices of the Peace
173,梁,家榮,梁家榮,,LEUNG,Ka-wing,,LEUNG Ka-wing,,Awards & Recognitions,Justices of the Peace,2016-07-01,Justices of the Peace
174,梁,建華,梁建華,,LEUNG,Kin-wah,,LEUNG Kin-wah,,Awards & Recognitions,Justices of the Peace,2017-06-30,Justices of the Peace
175,梁,肇輝,梁肇輝博士,博士,LEUNG,Siu-fai,,LEUNG Siu-fai,,Awards & Recognitions,Justices of the Peace,2011-07-01,Justices of the Peace
176,梁,永勝,梁永勝,,LEUNG,Wing-sing,,LEUNG Wing-sing,,Awards & Recognitions,Justices of the Peace,2011-07-01,Justices of the Peace
177,梁,永恩,梁永恩,,LEUNG,Wing-yan,,LEUNG Wing-yan,,Awards & Recognitions,Justices of the Peace,2017-06-30,Justices of the Peace
178,梁,燕芬,梁燕芬女士,女士,LEUNG,Yin-fun, Fanny,"LEUNG Yin-fun, Fanny",F,Awards & Recognitions,Justices of the Peace,2019-07-01,Justices of the Peace
179,梁,悅賢,梁悅賢女士,女士,LEUNG,Yuet-yin, Esther,"LEUNG Yuet-yin, Esther",F,Awards & Recognitions,Justices of the Peace,2007-07-01,Justices of the Peace
180,李,志聰,李志聰,,LI,Chi-chung, Simon,"LI Chi-chung, Simon",,Awards & Recognitions,Justices of the Peace,2019-07-01,Justices of the Peace
181,李,令翔,李令翔,,LI,Ling-cheung, Raymond,"LI Ling-cheung, Raymond",,Awards & Recognitions,Justices of the Peace,1997-06-13,Justices of the Peace
182,李,美嫦,李美嫦女士,女士,LI,Mei-sheung, Michelle,"LI Mei-sheung, Michelle",F,Awards & Recognitions,Justices of the Peace,2006-07-01,Justices of the Peace
183,李,百全,李百全,,LI,Pak-chuen,,LI Pak-chuen,,Awards & Recognitions,Justices of the Peace,2011-07-01,Justices of the Peace
184,李,炳威,李炳威,,LI,Ping-wai, Anthony,"LI Ping-wai, Anthony",,Awards & Recognitions,Justices of the Peace,2013-01-14,Justices of the Peace
185,李,寶儀,李寶儀女士,女士,LI,Po-yi,,LI Po-yi,F,Awards & Recognitions,Justices of the Peace,2013-07-01,Justices of the Peace
186,李,天柱,李天柱,,LI,Tin-chui,,LI Tin-chui,,Awards & Recognitions,Justices of the Peace,2014-07-01,Justices of the Peace
187,李,慧婷,李慧婷女士,女士,LI,Wai-ting,,LI Wai-ting,F,Awards & Recognitions,Justices of the Peace,2018-11-23,Justices of the Peace
188,李,婉華,李婉華女士,女士,LI,Yuen-wah, Cecilla,"LI Yuen-wah, Cecilla",F,Awards & Recognitions,Justices of the Peace,2018-07-01,Justices of the Peace
189,凌,潔貞,凌潔貞女士,女士,LING,Kit-ching, Cherry,"LING Kit-ching, Cherry",F,Awards & Recognitions,Justices of the Peace,2000-07-01,Justices of the Peace
190,𡩋,漢豪,𡩋漢豪女士,女士,LINN,Hon-ho, Bernadette,"LINN Hon-ho, Bernadette",F,Awards & Recognitions,Justices of the Peace,2006-07-01,Justices of the Peace
191,廖,志勇,廖志勇,,LIU,Chi-yung,,LIU Chi-yung,,Awards & Recognitions,Justices of the Peace,2015-07-01,Justices of the Peace
192,廖,振新,廖振新,,LIU,Chun-san,,LIU Chun-san,,Awards & Recognitions,Justices of the Peace,2015-07-01,Justices of the Peace
193,廖,廣翔,廖廣翔,,LIU,Kong-cheung,,LIU Kong-cheung,,Awards & Recognitions,Justices of the Peace,2018-07-01,Justices of the Peace
194,劉,明光,劉明光,,LIU,Ming-kwong,,LIU Ming-kwong,,Awards & Recognitions,Justices of the Peace,2008-07-01,Justices of the Peace
195,羅,志康,羅志康,,LO,Chi-hong,,LO Chi-hong,,Awards & Recognitions,Justices of the Peace,2010-07-01,Justices of the Peace
196,盧,國華,盧國華,,LO,Kwok-wah,,LO Kwok-wah,,Awards & Recognitions,Justices of the Peace,2016-07-01,Justices of the Peace
197,盧,世雄,盧世雄,,LO,Sai-hung, Brian,"LO Sai-hung, Brian",,Awards & Recognitions,Justices of the Peace,2010-07-01,Justices of the Peace
198,羅,懿之,羅懿之醫生,醫生,LO,Yee-chi, Janice,"LO Yee-chi, Janice",,Awards & Recognitions,Justices of the Peace,2013-07-01,Justices of the Peace
199,羅,淦華,羅淦華,,LOO,Kam-wah, Maurice,"LOO Kam-wah, Maurice",,Awards & Recognitions,Justices of the Peace,2017-06-30,Justices of the Peace
200,陸,偉雄,陸偉雄工程師,工程師,LUK,Wai-hung,,LUK Wai-hung,,Awards & Recognitions,Justices of the Peace,2017-06-30,Justices of the Peace
201,龍,小玉,龍小玉女士,女士,LUNG,Siu-yuk,,LUNG Siu-yuk,F,Awards & Recognitions,Justices of the Peace,2019-07-01,Justices of the Peace
202,麥,家俊,麥家俊,,MAK,Ka-chun,,MAK Ka-chun,,Awards & Recognitions,Justices of the Peace,2017-06-30,Justices of the Peace
203,麥,嘉為,麥嘉為,,MAK,Ka-wai,,MAK Ka-wai,,Awards & Recognitions,Justices of the Peace,2013-07-01,Justices of the Peace
204,麥,成章,麥成章,,MAK,Shing-cheung,,MAK Shing-cheung,,Awards & Recognitions,Justices of the Peace,2017-06-30,Justices of the Peace
205,麥,德偉,麥德偉,,MAK,Tak-wai,,MAK Tak-wai,,Awards & Recognitions,Justices of the Peace,2009-07-01,Justices of the Peace
206,WALTERS,"Mc, Ian Charles","McWALTERS, Ian Charles ",,WALTERS,Mc, Ian Charles,"McWALTERS, Ian Charles",,Awards & Recognitions,Justices of the Peace,2010-07-01,Justices of the Peace
207,毛,旭華,毛旭華女士,女士,MO,Yuk-wah,,MO Yuk-wah,F,Awards & Recognitions,Justices of the Peace,2019-07-01,Justices of the Peace
208,莫,鵬程,莫鵬程工程師,工程師,MOK,Pang-ching,,MOK Pang-ching,,Awards & Recognitions,Justices of the Peace,2019-07-01,Justices of the Peace
209,莫,永昌,莫永昌工程師,工程師,MOK,Wing-cheong,,MOK Wing-cheong,,Awards & Recognitions,Justices of the Peace,2019-07-01,Justices of the Peace
210,慕,容漢,慕容漢,,MO,YUNG Hon, Tony,"MO-YUNG Hon, Tony",,Awards & Recognitions,Justices of the Peace,2018-07-01,Justices of the Peace
211,吳,靜靜,吳靜靜女士,女士,NG,Ching-ching, Winnie,"NG Ching-ching, Winnie",F,Awards & Recognitions,Justices of the Peace,2014-07-01,Justices of the Peace
212,伍,江美妮,伍江美妮女士,女士,NG,KIA Mei-nei, Millie,"NG KIANG Mei-nei, Millie",F,Awards & Recognitions,Justices of the Peace,2017-06-30,Justices of the Peace
213,吳,麗敏,吳麗敏女士,女士,NG,Lai-man, Erica,"NG Lai-man, Erica",F,Awards & Recognitions,Justices of the Peace,2014-10-24,Justices of the Peace
214,吳,文傑,吳文傑,,NG,Man-kit,,NG Man-kit,,Awards & Recognitions,Justices of the Peace,2018-07-01,Justices of the Peace
215,吳,凱詩,吳凱詩女士,女士,NG,, Maria Kaiser,"NG, Maria Kaiser",F,Awards & Recognitions,Justices of the Peace,2019-07-01,Justices of the Peace
216,吳,淑儀,吳淑儀女士,女士,NG,Suk-yee, Amy,"NG Suk-yee, Amy",F,Awards & Recognitions,Justices of the Peace,2019-07-01,Justices of the Peace
217,吳,慧蘭,吳慧蘭女士,女士,NG,Wai-lan, Reddy,"NG Wai-lan, Reddy",F,Awards & Recognitions,Justices of the Peace,2011-07-01,Justices of the Peace
218,聶,世蘭,聶世蘭女士,女士,NIP,Sai-lan, Olivia,"NIP Sai-lan, Olivia",F,Awards & Recognitions,Justices of the Peace,2005-07-01,Justices of the Peace
219,聶,德權,聶德權,,NIP,Tak-kuen, Patrick,"NIP Tak-kuen, Patrick",,Awards & Recognitions,Justices of the Peace,2003-07-01,Justices of the Peace
220,彭,雅妮,彭雅妮女士,女士,PANG,, Alice,"PANG, Alice",F,Awards & Recognitions,Justices of the Peace,2016-07-01,Justices of the Peace
221,彭,耀雄,彭耀雄,,PANG,Yiu-hung,,PANG Yiu-hung,,Awards & Recognitions,Justices of the Peace,2016-07-01,Justices of the Peace
222,潘,偉榮,潘偉榮,,POON,Wai-wing,,POON Wai-wing,,Awards & Recognitions,Justices of the Peace,2018-07-01,Justices of the Peace
223,鮑,克運,鮑克運,,POU,Hak-wan,,POU Hak-wan,,Awards & Recognitions,Justices of the Peace,2019-07-01,Justices of the Peace
224,潘,婷婷,潘婷婷女士,女士,PUN,Ting-ting, Rebecca,"PUN Ting-ting, Rebecca",F,Awards & Recognitions,Justices of the Peace,2007-07-01,Justices of the Peace
225,潘,偉強,潘偉強,,PUN,Wai-keung,,PUN Wai-keung,,Awards & Recognitions,Justices of the Peace,2012-06-30,Justices of the Peace
226,單,慧媚,單慧媚博士,博士,SIN,Wai-mei,,SIN Wai-mei,,Awards & Recognitions,Justices of the Peace,2014-07-01,Justices of the Peace
227,薛,永恒,薛永恒,,SIT,Wing-hang,,SIT Wing-hang,,Awards & Recognitions,Justices of the Peace,2011-07-01,Justices of the Peace
228,蕭,家賢,蕭家賢,,SIU,Ka-yin, Kevin,"SIU Ka-yin, Kevin",,Awards & Recognitions,Justices of the Peace,2017-06-30,Justices of the Peace
229,蘇,翠影,蘇翠影女士,女士,SO,Chui-ying, Winnie,"SO Chui-ying, Winnie",F,Awards & Recognitions,Justices of the Peace,2017-06-30,Justices of the Peace
230,蘇,炳民,蘇炳民博士,博士,SO,Ping-man,,SO Ping-man,,Awards & Recognitions,Justices of the Peace,2017-06-30,Justices of the Peace
231,蘇,貝茜,蘇貝茜女士,女士,SO,Pui-sai, Patricia,"SO Pui-sai, Patricia",F,Awards & Recognitions,Justices of the Peace,2016-07-01,Justices of the Peace
232,蘇,惠思,蘇惠思女士,女士,SO,Wai-sze,,SO Wai-sze,F,Awards & Recognitions,Justices of the Peace,2019-08-30,Justices of the Peace
233,蘇,婉玲,蘇婉玲女士,女士,SO,Yuen-ling,,SO Yuen-ling,F,Awards & Recognitions,Justices of the Peace,2017-06-30,Justices of the Peace
234,司,徒敬,司徒敬法官,法官,STOCK,Frank,,Frank STOCK,,Awards & Recognitions,Justices of the Peace,1989-05-04,Justices of the Peace
235,沈,鳳君,沈鳳君女士,女士,SUM,Fong-kwang, Vivian,"SUM Fong-kwang, Vivian",F,Awards & Recognitions,Justices of the Peace,2011-07-01,Justices of the Peace
236,孫,玉菡,孫玉菡,,SUN,Yuk-han,,SUN Yuk-han,,Awards & Recognitions,Justices of the Peace,2012-06-30,Justices of the Peace
237,戴,家珮,戴家珮女士,女士,TAI,Ka-pui, Elizabeth,"TAI Ka-pui, Elizabeth",F,Awards & Recognitions,Justices of the Peace,2015-07-01,Justices of the Peace
238,戴,淑嬈,戴淑嬈女士,女士,TAI,Shuk-yiu,,TAI Shuk-yiu,F,Awards & Recognitions,Justices of the Peace,2009-07-01,Justices of the Peace
239,譚,大鵬,譚大鵬,,TAM,Tai-pang,,TAM Tai-pang,,Awards & Recognitions,Justices of the Peace,2013-07-01,Justices of the Peace
240,譚,惠儀,譚惠儀女士,女士,TAM,Wai-yee, Joyce,"TAM Wai-yee, Joyce",F,Awards & Recognitions,Justices of the Peace,2012-08-03,Justices of the Peace
241,鄧,婉雯,鄧婉雯女士,女士,TANG,, Helen,"TANG, Helen",F,Awards & Recognitions,Justices of the Peace,2011-07-01,Justices of the Peace
242,鄧,偉江,鄧偉江,,TANG,Wai-kong, Edward Leslie,"TANG Wai-kong, Edward Leslie",,Awards & Recognitions,Justices of the Peace,2013-07-01,Justices of the Peace
243,鄧,忍光,鄧忍光,,TANG,Yun-kwong,,TANG Yun-kwong,,Awards & Recognitions,Justices of the Peace,2006-07-01,Justices of the Peace
244,丁,葉燕薇,丁葉燕薇女士,女士,TING,YIP Yin-mei, Jessie,"TING YIP Yin-mei, Jessie",F,Awards & Recognitions,Justices of the Peace,2001-07-01,Justices of the Peace
245,杜,潔麗,杜潔麗女士,女士,TO,Kit-lai,,TO Kit-lai,F,Awards & Recognitions,Justices of the Peace,2017-12-01,Justices of the Peace
246,杜,永恒,杜永恒,,TO,Wing-hang, Edward,"TO Wing-hang, Edward",,Awards & Recognitions,Justices of the Peace,2018-07-01,Justices of the Peace
247,唐,智強,唐智強,,TONG,Chi-keung,,TONG Chi-keung,,Awards & Recognitions,Justices of the Peace,2004-07-01,Justices of the Peace
248,曾,國衞,曾國衞,,TSANG,Kwok-wai, Erick,"TSANG Kwok-wai, Erick",,Awards & Recognitions,Justices of the Peace,2020-05-08,Justices of the Peace
249,謝,昌和,謝昌和,,TSE,Cheong-wo, Edward,"TSE Cheong-wo, Edward",,Awards & Recognitions,Justices of the Peace,2019-07-01,Justices of the Peace
250,謝,展寰,謝展寰,,TSE,Chin-wan,,TSE Chin-wan,,Awards & Recognitions,Justices of the Peace,2006-07-01,Justices of the Peace
251,謝,錦良,謝錦良,,TSE,Kam-leung,,TSE Kam-leung,,Awards & Recognitions,Justices of the Peace,2019-07-01,Justices of the Peace
252,謝,凌駿,謝凌駿,,TSE,Ling-chun,,TSE Ling-chun,,Awards & Recognitions,Justices of the Peace,2017-07-21,Justices of the Peace
253,謝,曼怡,謝曼怡女士,女士,TSE,Man-yee, Elizabeth,"TSE Man-yee, Elizabeth",F,Awards & Recognitions,Justices of the Peace,2001-07-01,Justices of the Peace
254,謝,小華,謝小華女士,女士,TSE,Siu-wa, Janice,"TSE Siu-wa, Janice",F,Awards & Recognitions,Justices of the Peace,2006-07-01,Justices of the Peace
255,謝,玉葉,謝玉葉女士,女士,TSE,Yuk-yip,,TSE Yuk-yip,F,Awards & Recognitions,Justices of the Peace,2012-06-30,Justices of the Peace
256,蔡,詩朗,蔡詩朗女士,女士,TSOI,Sze-long, Selene,"TSOI Sze-long, Selene",F,Awards & Recognitions,Justices of the Peace,2017-06-30,Justices of the Peace
257,徐,英偉,徐英偉,,TSUI,Ying-wai, Caspar,"TSUI Ying-wai, Caspar",,Awards & Recognitions,Justices of the Peace,2017-08-25,Justices of the Peace
258,王,愛娟,王愛娟女士,女士,WANG,Oi-kuen,,WANG Oi-kuen,F,Awards & Recognitions,Justices of the Peace,2018-07-01,Justices of the Peace
259,黃,智祖,黃智祖,,WONG,Chi-cho,,WONG Chi-cho,,Awards & Recognitions,Justices of the Peace,2007-07-01,Justices of the Peace
260,黃,志光,黃志光,,WONG,Chi-kwong,,WONG Chi-kwong,,Awards & Recognitions,Justices of the Peace,2018-07-01,Justices of the Peace
261,黃,志斌,黃志斌工程師,工程師,WONG,Chi-pan,,WONG Chi-pan,,Awards & Recognitions,Justices of the Peace,2019-07-01,Justices of the Peace
262,汪,志成,汪志成工程師,工程師,WONG,Chi-sing,,WONG Chi-sing,,Awards & Recognitions,Justices of the Peace,2018-07-01,Justices of the Peace
263,黃,傳輝,黃傳輝,,WONG,Chuen-fai,,WONG Chuen-fai,,Awards & Recognitions,Justices of the Peace,2019-07-01,Justices of the Peace
264,黃,仲良,黃仲良,,WONG,Chung-leung,,WONG Chung-leung,,Awards & Recognitions,Justices of the Peace,2016-07-01,Justices of the Peace
265,黃,宗殷,黃宗殷,,WONG,Chung-yan, Johann,"WONG Chung-yan, Johann",,Awards & Recognitions,Justices of the Peace,2013-07-01,Justices of the Peace
266,黃,福來,黃福來,,WONG,Fuk-loi, David,"WONG Fuk-loi, David",,Awards & Recognitions,Justices of the Peace,2013-07-01,Justices of the Peace
267,黃,灝玄,黃灝玄,,WONG,Ho-yuen, Andrew,"WONG Ho-yuen, Andrew",,Awards & Recognitions,Justices of the Peace,1997-06-13,Justices of the Peace
268,黃,海韻,黃海韻女士,女士,WONG,Hoi-wan, Charmaine Amy,"WONG Hoi-wan, Charmaine Amy",F,Awards & Recognitions,Justices of the Peace,2019-08-30,Justices of the Peace
269,王,學玲,王學玲女士,女士,WONG,Hok-ling,,WONG Hok-ling,F,Awards & Recognitions,Justices of the Peace,2013-07-01,Justices of the Peace
270,黃,加慶,黃加慶醫生,醫生,WONG,Ka-hing,,WONG Ka-hing,,Awards & Recognitions,Justices of the Peace,2013-07-01,Justices of the Peace
271,黃,錦星,黃錦星,,WONG,Kam-sing,,WONG Kam-sing,,Awards & Recognitions,Justices of the Peace,2012-07-13,Justices of the Peace
272,黃,權輝,黃權輝,,WONG,Kuen-fai,,WONG Kuen-fai,,Awards & Recognitions,Justices of the Peace,2010-07-01,Justices of the Peace
273,黃,珮玟,黃珮玟女士,女士,WONG,Pui-man, Amy,"WONG Pui-man, Amy",F,Awards & Recognitions,Justices of the Peace,2019-08-30,Justices of the Peace
274,王,秀慧,王秀慧女士,女士,WONG,Sau-wai, Vega,"WONG Sau-wai, Vega",F,Awards & Recognitions,Justices of the Peace,2019-08-30,Justices of the Peace
275,王,錫章,王錫章,,WONG,Sek-cheung,,WONG Sek-cheung,,Awards & Recognitions,Justices of the Peace,2017-06-30,Justices of the Peace
276,黃,成禧,黃成禧,,WONG,Shing-hei,,WONG Shing-hei,,Awards & Recognitions,Justices of the Peace,2015-07-01,Justices of the Peace
277,黃,淑嫻,黃淑嫻女士,女士,WONG,Shuk-han, Avia,"WONG Shuk-han, Avia",F,Awards & Recognitions,Justices of the Peace,2013-07-01,Justices of the Peace
278,黃,少珠,黃少珠女士,女士,WONG,Siu-chu, Maggie,"WONG Siu-chu, Maggie",F,Awards & Recognitions,Justices of the Peace,2013-07-01,Justices of the Peace
279,黃,德才,黃德才,,WONG,Tak-choi,,WONG Tak-choi,,Awards & Recognitions,Justices of the Peace,2018-07-01,Justices of the Peace
280,王,天予,王天予女士,女士,WONG,Tin-yu, Agnes,"WONG Tin-yu, Agnes",F,Awards & Recognitions,Justices of the Peace,2009-07-01,Justices of the Peace
281,黃,惠沖,黃惠沖,,WONG,Wai-chung, Wesley,"WONG Wai-chung, Wesley",,Awards & Recognitions,Justices of the Peace,2017-06-30,Justices of the Peace
282,黃,偉綸,黃偉綸,,WONG,Wai-lun,,WONG Wai-lun,,Awards & Recognitions,Justices of the Peace,2004-07-01,Justices of the Peace
283,黃,穎琦,黃穎琦女士,女士,WONG,Wing-ki, Vicki,"WONG Wing-ki, Vicki",F,Awards & Recognitions,Justices of the Peace,2017-06-30,Justices of the Peace
284,胡,志光,胡志光工程師,工程師,WU,Chi-kwong,,WU Chi-kwong,,Awards & Recognitions,Justices of the Peace,2018-07-01,Justices of the Peace
285,胡,偉雄,胡偉雄,,WU,Wai-hung,,WU Wai-hung,,Awards & Recognitions,Justices of the Peace,2018-07-01,Justices of the Peace
286,任,向華,任向華,,YAM,Howard,,Howard YAM,,Awards & Recognitions,Justices of the Peace,2016-11-21,Justices of the Peace
287,甄,美薇,甄美薇女士,女士,YAN,Mei-mei,,YAN Mei-mei,F,Awards & Recognitions,Justices of the Peace,2006-07-01,Justices of the Peace
288,丘,卓恒,丘卓恒,,YAU,Cheuk-hang,,YAU Cheuk-hang,,Awards & Recognitions,Justices of the Peace,2017-06-30,Justices of the Peace
289,尤,建中,尤建中,,YAU,Kin-chung,,YAU Kin-chung,,Awards & Recognitions,Justices of the Peace,2019-12-20,Justices of the Peace
290,邱,騰華,邱騰華,,YAU,Tang-wah, Edward,"YAU Tang-wah, Edward",,Awards & Recognitions,Justices of the Peace,2000-07-01,Justices of the Peace
291,邱,慧清,邱慧清女士,女士,YAU,Wai-ching, Michelle,"YAU Wai-ching, Michelle",F,Awards & Recognitions,Justices of the Peace,2015-07-01,Justices of the Peace
292,楊,光艷,楊光艷女士,女士,YEUNG,Kwong-yim, Connie,"YEUNG Kwong-yim, Connie",F,Awards & Recognitions,Justices of the Peace,2018-07-01,Justices of the Peace
293,楊,麗芳,楊麗芳女士,女士,YEUNG,Lai-fong, Alice,"YEUNG Lai-fong, Alice",F,Awards & Recognitions,Justices of the Peace,2019-07-01,Justices of the Peace
294,楊,淑貞,楊淑貞女士,女士,YEUNG,Shuk-ching,,YEUNG Shuk-ching,F,Awards & Recognitions,Justices of the Peace,2010-07-01,Justices of the Peace
295,楊,德強,楊德強,,YEUNG,Tak-keung,,YEUNG Tak-keung,,Awards & Recognitions,Justices of the Peace,2014-07-01,Justices of the Peace
296,楊,潤雄,楊潤雄,,YEUNG,Yun-hung,,YEUNG Yun-hung,,Awards & Recognitions,Justices of the Peace,2012-11-30,Justices of the Peace
297,應,芬芳,應芬芳女士,女士,YING,Fun-fong,,YING Fun-fong,F,Awards & Recognitions,Justices of the Peace,2016-07-01,Justices of the Peace
298,應,耀康,應耀康,,YING,Yiu-hong, Stanley,"YING Yiu-hong, Stanley",,Awards & Recognitions,Justices of the Peace,1998-07-01,Justices of the Peace
299,葉,錦菁,葉錦菁女士,女士,YIP,Kam-ching, Jenny,"YIP Kam-ching, Jenny",F,Awards & Recognitions,Justices of the Peace,2012-05-14,Justices of the Peace
300,葉,文娟,葉文娟女士,女士,YIP,Man-kuen,,YIP Man-kuen,F,Awards & Recognitions,Justices of the Peace,2006-07-01,Justices of the Peace
301,楊,碧筠,楊碧筠女士,女士,YOUNG,Bick-kwan, Irene,"YOUNG Bick-kwan, Irene",F,Awards & Recognitions,Justices of the Peace,2010-07-01,Justices of the Peace
302,余,家慧,余家慧女士,女士,YU,Ka-wai, Sylvia,"YU Ka-wai, Sylvia",F,Awards & Recognitions,Justices of the Peace,2016-07-01,Justices of the Peace
303,余,健強,余健強,,YU,Kin-keung,,YU Kin-keung,,Awards & Recognitions,Justices of the Peace,2020-04-03,Justices of the Peace
304,余,寶美,余寶美女士,女士,YU,Po-mei, Clarice,"YU Po-mei, Clarice",F,Awards & Recognitions,Justices of the Peace,2019-07-01,Justices of the Peace
305,余,德祥,余德祥,,YU,Tak-cheung,,YU Tak-cheung,,Awards & Recognitions,Justices of the Peace,2016-07-01,Justices of the Peace
306,余,偉文,余偉文,,YUE,Wai-man, Eddie,"YUE Wai-man, Eddie",,Awards & Recognitions,Justices of the Peace,2002-07-01,Justices of the Peace
307,袁,嘉諾,袁嘉諾,,YUEN,Ka-lok, Enoch,"YUEN Ka-lok, Enoch",,Awards & Recognitions,Justices of the Peace,2017-12-15,Justices of the Peace
308,阮,國恒,阮國恒,,YUEN,Kwok-hang,,YUEN Kwok-hang,,Awards & Recognitions,Justices of the Peace,2005-07-01,Justices of the Peace
309,袁,民忠,袁民忠,,YUEN,Man-chung,,YUEN Man-chung,,Awards & Recognitions,Justices of the Peace,2006-07-01,Justices of the Peace
310,袁,小惠,袁小惠女士,女士,YUEN,Siu-wai,,YUEN Siu-wai,F,Awards & Recognitions,Justices of the Peace,2008-07-01,Justices of the Peace
311,阮,慧賢,阮慧賢女士,女士,YUEN,Wai-yin, Amy,"YUEN Wai-yin, Amy",F,Awards & Recognitions,Justices of the Peace,2018-07-01,Justices of the Peace
312,翁,佩雯,翁佩雯女士,女士,YUNG,Pui-man,,YUNG Pui-man,F,Awards & Recognitions,Justices of the Peace,2009-07-01,Justices of the Peace
313,容,偉雄,容偉雄,,YUNG,Wai-hung, Philip,"YUNG Wai-hung, Philip",,Awards & Recognitions,Justices of the Peace,2003-07-01,Justices of the Peace
314,薛,偉成,薛偉成法官,法官,ZERVOS,, Kevin Paul,"ZERVOS, Kevin Paul",,Awards & Recognitions,Justices of the Peace,2012-06-30,Justices of the Peace
